ID;Nom;LS;Sexe
1;P6210008.JPG;37.43776; F
2;P6210009.JPG;42.73277; F
3;P6210013.JPG;35.7186; M
4;P6210016.JPG;37.45871; M
5;P6210019.JPG;34.68671; F
6;P6210021.JPG;38.85894; M
7;P6210024.JPG;38.9474; M
8;P6210028.JPG;39.18032; M
9;P6210030.JPG;43.39958; F
10;P6210034.JPG;38.19043; M
11;P6210037.JPG;40.75386; M
12;P6210039.JPG;33.08431; F
13;P6210043.JPG;43.02376; M
14;P6210046.JPG;39.29278; F
15;P6210051.JPG;42.54729; Undetermined
16;P6210054.JPG;39.45631; M
17;P6210058.JPG;40.53781; M
18;P6210064.JPG;40.80129; Undetermined
19;P6210073.JPG;39.01025; M
20;P6210075.JPG;40.45002; M
21;P6210078.JPG;35.85256; F
22;P6210088.JPG;37.5805; M
23;P6210090.JPG;42.86831; M
24;P6210097.JPG;38.09803; M
25;P6210100.JPG;33.13413; F
26;P6210106.JPG;42.08668; Undetermined
27;P6210111.JPG;37.8213; M
28;P6210114.JPG;37.4508; M
29;P6210118.JPG;38.18072; Undetermined
30;P6210120.JPG;32.76671; F
31;P6210123.JPG;33.7232; Undetermined (possibly M )
32;P6210127.JPG;33.64859; F
33;P6210133.JPG;41.34012; M
34;P6210135.JPG;47.47116; F
35;P6210139.JPG;35.82104; M
36;P6210141.JPG;33.05911; F
37;P6210145.JPG;42.85993; M
38;P6210149.JPG;40.57503; M
39;P6210151.JPG;34.42849; F
40;P6210154.JPG;34.78137; M
41;P6210158.JPG;38.27189; M
42;P6210160.JPG;45.11142; F
43;P6210173.JPG;36.38614; F
44;P6210176.JPG;43.64704; M
45;P6210178.JPG;40.57272; Undetermined
46;P6210181.JPG;32.28528; F
47;P6210184.JPG;29.91768; F
48;P6210190.JPG;33.34681; F
49;P6210192.JPG;29.68877; F
50;P6210196.JPG;36.35812; M
51;P6210199.JPG;38.023; M
52;P6210202.JPG;44.03565; F
53;P6210205.JPG;35.78889; M
54;P6210208.JPG;37.15047; F
55;P6210210.JPG;29.17276; F
56;P6210214.JPG;37.02086; M
57;P6210217.JPG;30.33323; F
58;P6210219.JPG;36.58228; F
59;P6210223.JPG;34.7844; F
60;P6210225.JPG;37.11373; M
61;P6210229.JPG;30.43834; F
62;P6210232.JPG;29.25786; F
63;P6210237.JPG;33.12666; M
64;P6210242.JPG;35.93174; M
65;P6210245.JPG;33.76107; Undetermined
66;P6210248.JPG;32.56095; F
67;P6210252.JPG;35.78979; M
68;P6210257.JPG;40.06786; M
69;P6210261.JPG;34.72519; F
70;P6210264.JPG;37.10796; M
71;P6210272.JPG;36.40153; M
72;P6210275.JPG;35.07127; F
73;P6210277.JPG;35.62451; F
74;P6210283.JPG;30.60786; F
75;P6210293.JPG;36.85548; F
76;P6210295.JPG;36.32544; M
77;P6210298.JPG;38.75455; F
78;P6210302.JPG;37.17149; M
79;P6210305.JPG;31.6906; F
80;P6210308.JPG;36.7652; F
81;P6210313.JPG;31.49427; F
82;P6210316.JPG;33.32193; F
83;P6210320.JPG;30.49132; F
84;P6210322.JPG;34.05959; F
85;P6210324.JPG;38.02924; M
86;P6210326.JPG;31.40898; F
87;P6210333.JPG;29.47467; F
88;P6210335.JPG;35.6908; M
89;P6210351.JPG;36.94101; Undetermined
90;P6210358.JPG;44.19212; F
91;P6210360.JPG;38.79439; M
92;P6210363.JPG;39.38803; M
93;P6210370.JPG;35.30395; F
94;P6210372.JPG;38.51558; M
95;P6210376.JPG;34.20353; F
96;P6210385.JPG;30.67093; F
97;P6210388.JPG;34.27189; F
98;P6210391.JPG;29.52972; F
99;P6210394.JPG;41.17891; M
100;P6210397.JPG;38.60599; M
101;P6210400.JPG;43.24765; M
102;P6210403.JPG;40.50434; M
103;P6210406.JPG;30.89573; F
104;P6210409.JPG;36.55946; F
105;P6210411.JPG;36.13555; M
106;P6210415.JPG;34.76188; Undetermined
107;P6210424.JPG;36.56924; Undetermined
108;P6210427.JPG;35.30176; M
109;P6210429.JPG;41.88246; Undetermined
110;P6210435.JPG;36.65362; M
111;P6210439.JPG;38.67678; M
112;P6210441.JPG;33.15934; F
113;P6210444.JPG;33.89026; F
114;P6210447.JPG;36.58907; F
115;P6210450.JPG;39.93822; F
116;P6210456.JPG;40.00658; M
117;P6210460.JPG;27.06462; F
118;P6210463.JPG;35.68684; M
119;P6210470.JPG;40.22314; M
120;P6210476.JPG;39.40492; F
121;P6210487.JPG;39.5006; M
122;P6210490.JPG;44.86719; F
123;P6210493.JPG;43.37186; F
124;P6210496.JPG;41.09425; F
125;P6210504.JPG;42.40198; Undetermined
126;P6210508.JPG;38.76177; Undetermined (possibly M )
127;P6210514.JPG;41.52661; M
128;P6210517.JPG;38.64613; M
129;P6210520.JPG;34.21851; Undetermined
130;P6210522.JPG;43.02073; F
131;P6210525.JPG;38.00339; M
132;P6210532.JPG;43.37362; Undetermined
133;P6210569.JPG;37.66525; Undetermined
134;P6210572.JPG;42.60127; F
135;P6210576.JPG;41.31445; M
136;P6210580.JPG;40.61296; M
137;P6210582.JPG;38.91015; M
138;P6210589.JPG;45.68651; F
139;P6210601.JPG;39.84649; M
140;P6210604.JPG;42.27937; M
141;P6210611.JPG;41.59911; M
142;P6210616.JPG;36.51616; M
143;P6210620.JPG;36.71046; F
144;P6210623.JPG;37.79203; F
145;P6210634.JPG;38.13326; M
146;P6210640.JPG;37.08487; M
147;P6210646.JPG;42.11885; M
148;P6210653.JPG;40.05804; Undetermined (possibly M )
149;P6210687.JPG;37.57989; M
150;P6210692.JPG;37.33388; M
151;P6210696.JPG;42.87963; F
152;P6210711.JPG;43.24783; M
153;P6210714.JPG;42.30634; M
154;P6210717.JPG;43.14464; M
155;P6210720.JPG;39.76397; M
156;P6210726.JPG;41.72062; M
157;P6210729.JPG;41.5104; M
158;P6210732.JPG;44.49476; Undetermined (possibly M )
159;P6210736.JPG;40.28683; M
160;P6210739.JPG;39.59175; F
161;P6210741.JPG;40.96644; M
162;P6210744.JPG;40.97302; M
163;P6210746.JPG;40.03695; M
164;P6210749.JPG;43.81069; M
165;P6210756.JPG;41.27007; M
166;P6210758.JPG;33.75648; M
167;P6210761.JPG;40.88856; M
168;P6210767.JPG;38.20908; M
169;P6210770.JPG;36.57597; M
170;P6210776.JPG;41.99964; Undetermined (possibly M )
171;P6210780.JPG;38.16869; M
172;P6210782.JPG;40.84222; M
173;P6210790.JPG;40.9249; F
174;P6210792.JPG;40.05556; M
175;P6210802.JPG;40.15057; Undetermined (possibly M )
176;P6210806.JPG;42.06672; Undetermined (possibly M )
177;P6210824.JPG;39.59159; F
178;P6210827.JPG;45.10019; M
179;P6210829.JPG;42.92313; M
180;P6210832.JPG;36.36525; M
181;P6210836.JPG;38.66632; F
182;P6210839.JPG;44.07599; F
183;P6210842.JPG;38.28785; M
184;P6210845.JPG;45.65316; Undetermined
185;P6210858.JPG;39.94258; M
186;P6210865.JPG;41.38014; M
187;P6210874.JPG;44.62807; F
188;P6210881.JPG;45.05335; F
189;P6210892.JPG;44.78968; M
190;P6210899.JPG;42.29506; M
191;P6210914.JPG;45.24641; F
192;P6210916.JPG;42.815; F
193;P6210919.JPG;43.57896; F
194;P6210925.JPG;45.70873; M
195;P6210935.JPG;45.07802; F
196;P6210938.JPG;41.00069; Undetermined
197;P6210946.JPG;43.4241; F
198;P6210947.JPG;43.48064; F
199;P6210950.JPG;41.49092; M
200;P6210964.JPG;43.78932; M
201;P6210971.JPG;43.37287; F
202;P6210974.JPG;36.27232; M
