 ;Label;X;Y
1;P6210008.JPG;375;986
2;P6210008.JPG;448;1029
3;P6210008.JPG;559;1032
4;P6210008.JPG;593;1126
5;P6210008.JPG;607;1055
6;P6210008.JPG;621;934
7;P6210008.JPG;576;945
8;P6210008.JPG;461;935
9;P6210008.JPG;450;918
10;P6210008.JPG;700;1005
11;P6210009.JPG;351;1078
12;P6210009.JPG;442;1112
13;P6210009.JPG;559;1108
14;P6210009.JPG;612;1206
15;P6210009.JPG;616;1126
16;P6210009.JPG;631;987
17;P6210009.JPG;574;998
18;P6210009.JPG;441;1008
19;P6210009.JPG;429;991
20;P6210009.JPG;731;1068
21;P6210013.JPG;406;1022
22;P6210013.JPG;496;1046
23;P6210013.JPG;626;1039
24;P6210013.JPG;678;1127
25;P6210013.JPG;682;1042
26;P6210013.JPG;680;927
27;P6210013.JPG;642;949
28;P6210013.JPG;497;945
29;P6210013.JPG;485;928
30;P6210013.JPG;771;984
31;P6210016.JPG;310;1079
32;P6210016.JPG;393;1118
33;P6210016.JPG;510;1127
34;P6210016.JPG;550;1223
35;P6210016.JPG;562;1136
36;P6210016.JPG;571;1025
37;P6210016.JPG;537;1029
38;P6210016.JPG;401;1016
39;P6210016.JPG;395;1000
40;P6210016.JPG;661;1089
41;P6210019.JPG;482;1076
42;P6210019.JPG;552;1111
43;P6210019.JPG;666;1113
44;P6210019.JPG;708;1204
45;P6210019.JPG;713;1138
46;P6210019.JPG;727;1027
47;P6210019.JPG;676;1028
48;P6210019.JPG;564;1020
49;P6210019.JPG;554;1001
50;P6210019.JPG;808;1095
51;P6210021.JPG;335;1024
52;P6210021.JPG;421;1071
53;P6210021.JPG;547;1096
54;P6210021.JPG;575;1204
55;P6210021.JPG;607;1121
56;P6210021.JPG;633;991
57;P6210021.JPG;577;1002
58;P6210021.JPG;449;963
59;P6210021.JPG;443;943
60;P6210021.JPG;715;1076
61;P6210024.JPG;251;867
62;P6210024.JPG;338;916
63;P6210024.JPG;465;929
64;P6210024.JPG;510;1039
65;P6210024.JPG;519;963
66;P6210024.JPG;550;832
67;P6210024.JPG;489;842
68;P6210024.JPG;355;811
69;P6210024.JPG;346;789
70;P6210024.JPG;629;920
71;P6210028.JPG;246;1108
72;P6210028.JPG;321;1134
73;P6210028.JPG;441;1130
74;P6210028.JPG;481;1224
75;P6210028.JPG;491;1145
76;P6210028.JPG;499;1021
77;P6210028.JPG;451;1036
78;P6210028.JPG;327;1035
79;P6210028.JPG;321;1022
80;P6210028.JPG;591;1091
81;P6210030.JPG;312;950
82;P6210030.JPG;392;998
83;P6210030.JPG;515;1009
84;P6210030.JPG;562;1104
85;P6210030.JPG;575;1034
86;P6210030.JPG;584;898
87;P6210030.JPG;545;909
88;P6210030.JPG;405;890
89;P6210030.JPG;396;869
90;P6210030.JPG;689;972
91;P6210034.JPG;414;1022
92;P6210034.JPG;502;1063
93;P6210034.JPG;620;1070
94;P6210034.JPG;665;1165
95;P6210034.JPG;672;1099
96;P6210034.JPG;686;969
97;P6210034.JPG;639;975
98;P6210034.JPG;504;958
99;P6210034.JPG;495;939
100;P6210034.JPG;773;1044
101;P6210037.JPG;235;1026
102;P6210037.JPG;329;1056
103;P6210037.JPG;444;1054
104;P6210037.JPG;492;1156
105;P6210037.JPG;503;1070
106;P6210037.JPG;516;935
107;P6210037.JPG;468;950
108;P6210037.JPG;321;951
109;P6210037.JPG;312;936
110;P6210037.JPG;615;1013
111;P6210039.JPG;368;1027
112;P6210039.JPG;437;1055
113;P6210039.JPG;542;1058
114;P6210039.JPG;589;1144
115;P6210039.JPG;590;1070
116;P6210039.JPG;593;970
117;P6210039.JPG;549;976
118;P6210039.JPG;444;973
119;P6210039.JPG;435;957
120;P6210039.JPG;676;1024
121;P6210043.JPG;239;1017
122;P6210043.JPG;332;1041
123;P6210043.JPG;460;1033
124;P6210043.JPG;520;1126
125;P6210043.JPG;516;1046
126;P6210043.JPG;516;901
127;P6210043.JPG;474;923
128;P6210043.JPG;324;935
129;P6210043.JPG;309;916
130;P6210043.JPG;630;974
131;P6210046.JPG;460;1016
132;P6210046.JPG;536;1047
133;P6210046.JPG;648;1047
134;P6210046.JPG;694;1137
135;P6210046.JPG;697;1065
136;P6210046.JPG;707;949
137;P6210046.JPG;654;957
138;P6210046.JPG;532;955
139;P6210046.JPG;525;936
140;P6210046.JPG;796;1015
141;P6210051.JPG;317;1055
142;P6210051.JPG;401;1102
143;P6210051.JPG;520;1112
144;P6210051.JPG;573;1203
145;P6210051.JPG;578;1129
146;P6210051.JPG;591;992
147;P6210051.JPG;545;1009
148;P6210051.JPG;406;995
149;P6210051.JPG;404;969
150;P6210051.JPG;696;1071
151;P6210054.JPG;414;1027
152;P6210054.JPG;504;1065
153;P6210054.JPG;639;1069
154;P6210054.JPG;688;1185
155;P6210054.JPG;690;1113
156;P6210054.JPG;700;973
157;P6210054.JPG;654;983
158;P6210054.JPG;518;967
159;P6210054.JPG;513;953
160;P6210054.JPG;798;1050
161;P6210058.JPG;222;913
162;P6210058.JPG;322;957
163;P6210058.JPG;444;954
164;P6210058.JPG;509;1061
165;P6210058.JPG;503;977
166;P6210058.JPG;507;841
167;P6210058.JPG;454;847
168;P6210058.JPG;314;852
169;P6210058.JPG;307;834
170;P6210058.JPG;612;913
171;P6210064.JPG;317;914
172;P6210064.JPG;397;955
173;P6210064.JPG;514;973
174;P6210064.JPG;553;1073
175;P6210064.JPG;564;994
176;P6210064.JPG;581;868
177;P6210064.JPG;536;874
178;P6210064.JPG;415;859
179;P6210064.JPG;410;843
180;P6210064.JPG;671;945
181;P6210073.JPG;301;1253
182;P6210073.JPG;391;1289
183;P6210073.JPG;507;1288
184;P6210073.JPG;565;1389
185;P6210073.JPG;563;1305
186;P6210073.JPG;579;1174
187;P6210073.JPG;529;1184
188;P6210073.JPG;393;1182
189;P6210073.JPG;385;1164
190;P6210073.JPG;672;1252
191;P6210075.JPG;256;963
192;P6210075.JPG;351;1004
193;P6210075.JPG;473;1006
194;P6210075.JPG;536;1092
195;P6210075.JPG;534;1017
196;P6210075.JPG;547;882
197;P6210075.JPG;492;894
198;P6210075.JPG;351;894
199;P6210075.JPG;342;873
200;P6210075.JPG;646;960
201;P6210078.JPG;530;965
202;P6210078.JPG;605;1007
203;P6210078.JPG;718;1021
204;P6210078.JPG;758;1110
205;P6210078.JPG;764;1042
206;P6210078.JPG;778;920
207;P6210078.JPG;743;930
208;P6210078.JPG;614;914
209;P6210078.JPG;606;899
210;P6210078.JPG;862;992
211;P6210088.JPG;386;929
212;P6210088.JPG;468;979
213;P6210088.JPG;592;995
214;P6210088.JPG;634;1083
215;P6210088.JPG;644;1016
216;P6210088.JPG;662;893
217;P6210088.JPG;624;900
218;P6210088.JPG;490;876
219;P6210088.JPG;482;855
220;P6210088.JPG;751;969
221;P6210090.JPG;316;935
222;P6210090.JPG;401;990
223;P6210090.JPG;520;1011
224;P6210090.JPG;556;1111
225;P6210090.JPG;568;1045
226;P6210090.JPG;600;906
227;P6210090.JPG;551;920
228;P6210090.JPG;418;882
229;P6210090.JPG;411;859
230;P6210090.JPG;700;1003
231;P6210097.JPG;339;965
232;P6210097.JPG;433;1010
233;P6210097.JPG;562;1013
234;P6210097.JPG;605;1113
235;P6210097.JPG;620;1034
236;P6210097.JPG;627;908
237;P6210097.JPG;589;910
238;P6210097.JPG;447;898
239;P6210097.JPG;437;879
240;P6210097.JPG;720;977
241;P6210100.JPG;608;974
242;P6210100.JPG;677;1003
243;P6210100.JPG;779;1008
244;P6210100.JPG;827;1074
245;P6210100.JPG;829;1023
246;P6210100.JPG;833;924
247;P6210100.JPG;787;924
248;P6210100.JPG;679;918
249;P6210100.JPG;668;900
250;P6210100.JPG;906;977
251;P6210106.JPG;392;1059
252;P6210106.JPG;475;1099
253;P6210106.JPG;604;1107
254;P6210106.JPG;642;1208
255;P6210106.JPG;658;1124
256;P6210106.JPG;670;994
257;P6210106.JPG;626;1010
258;P6210106.JPG;485;996
259;P6210106.JPG;480;979
260;P6210106.JPG;774;1070
261;P6210111.JPG;447;864
262;P6210111.JPG;538;908
263;P6210111.JPG;661;914
264;P6210111.JPG;706;1017
265;P6210111.JPG;713;936
266;P6210111.JPG;732;812
267;P6210111.JPG;681;818
268;P6210111.JPG;547;801
269;P6210111.JPG;536;788
270;P6210111.JPG;817;889
271;P6210114.JPG;303;971
272;P6210114.JPG;385;1002
273;P6210114.JPG;502;1001
274;P6210114.JPG;554;1094
275;P6210114.JPG;558;1010
276;P6210114.JPG;563;892
277;P6210114.JPG;520;906
278;P6210114.JPG;387;904
279;P6210114.JPG;378;891
280;P6210114.JPG;655;957
281;P6210118.JPG;330;1019
282;P6210118.JPG;404;1064
283;P6210118.JPG;518;1081
284;P6210118.JPG;558;1171
285;P6210118.JPG;569;1095
286;P6210118.JPG;592;982
287;P6210118.JPG;548;987
288;P6210118.JPG;417;968
289;P6210118.JPG;414;949
290;P6210118.JPG;670;1058
291;P6210120.JPG;511;970
292;P6210120.JPG;579;1002
293;P6210120.JPG;684;1010
294;P6210120.JPG;717;1087
295;P6210120.JPG;722;1026
296;P6210120.JPG;734;920
297;P6210120.JPG;700;925
298;P6210120.JPG;583;915
299;P6210120.JPG;576;901
300;P6210120.JPG;819;984
301;P6210123.JPG;449;904
302;P6210123.JPG;522;938
303;P6210123.JPG;632;946
304;P6210123.JPG;665;1036
305;P6210123.JPG;679;960
306;P6210123.JPG;691;861
307;P6210123.JPG;661;866
308;P6210123.JPG;538;853
309;P6210123.JPG;531;836
310;P6210123.JPG;764;920
311;P6210127.JPG;428;796
312;P6210127.JPG;491;826
313;P6210127.JPG;599;838
314;P6210127.JPG;645;935
315;P6210127.JPG;645;849
316;P6210127.JPG;656;752
317;P6210127.JPG;614;760
318;P6210127.JPG;502;748
319;P6210127.JPG;500;737
320;P6210127.JPG;730;810
321;P6210133.JPG;313;818
322;P6210133.JPG;401;864
323;P6210133.JPG;533;879
324;P6210133.JPG;579;985
325;P6210133.JPG;587;889
326;P6210133.JPG;603;761
327;P6210133.JPG;562;765
328;P6210133.JPG;412;757
329;P6210133.JPG;405;734
330;P6210133.JPG;696;840
331;P6210135.JPG;134;1051
332;P6210135.JPG;222;1101
333;P6210135.JPG;347;1121
334;P6210135.JPG;405;1196
335;P6210135.JPG;409;1135
336;P6210135.JPG;415;1001
337;P6210135.JPG;359;1014
338;P6210135.JPG;223;993
339;P6210135.JPG;216;959
340;P6210135.JPG;519;1074
341;P6210139.JPG;294;940
342;P6210139.JPG;380;984
343;P6210139.JPG;494;994
344;P6210139.JPG;544;1093
345;P6210139.JPG;545;1016
346;P6210139.JPG;559;898
347;P6210139.JPG;515;906
348;P6210139.JPG;392;887
349;P6210139.JPG;383;871
350;P6210139.JPG;641;967
351;P6210141.JPG;413;954
352;P6210141.JPG;473;973
353;P6210141.JPG;583;974
354;P6210141.JPG;625;1048
355;P6210141.JPG;623;978
356;P6210141.JPG;624;877
357;P6210141.JPG;583;891
358;P6210141.JPG;477;894
359;P6210141.JPG;468;883
360;P6210141.JPG;704;929
361;P6210145.JPG;147;968
362;P6210145.JPG;251;1009
363;P6210145.JPG;380;1014
364;P6210145.JPG;440;1102
365;P6210145.JPG;444;1023
366;P6210145.JPG;445;881
367;P6210145.JPG;398;894
368;P6210145.JPG;246;897
369;P6210145.JPG;236;873
370;P6210145.JPG;550;953
371;P6210149.JPG;229;964
372;P6210149.JPG;317;989
373;P6210149.JPG;437;991
374;P6210149.JPG;499;1083
375;P6210149.JPG;501;995
376;P6210149.JPG;507;862
377;P6210149.JPG;457;881
378;P6210149.JPG;315;885
379;P6210149.JPG;308;873
380;P6210149.JPG;605;933
381;P6210151.JPG;349;982
382;P6210151.JPG;421;1009
383;P6210151.JPG;524;1007
384;P6210151.JPG;576;1088
385;P6210151.JPG;572;1014
386;P6210151.JPG;574;907
387;P6210151.JPG;532;919
388;P6210151.JPG;415;919
389;P6210151.JPG;409;904
390;P6210151.JPG;659;963
391;P6210154.JPG;281;964
392;P6210154.JPG;359;996
393;P6210154.JPG;465;998
394;P6210154.JPG;507;1088
395;P6210154.JPG;517;1017
396;P6210154.JPG;527;903
397;P6210154.JPG;481;912
398;P6210154.JPG;363;906
399;P6210154.JPG;357;890
400;P6210154.JPG;606;966
401;P6210158.JPG;246;1023
402;P6210158.JPG;323;1066
403;P6210158.JPG;437;1067
404;P6210158.JPG;483;1172
405;P6210158.JPG;492;1092
406;P6210158.JPG;510;972
407;P6210158.JPG;462;972
408;P6210158.JPG;336;963
409;P6210158.JPG;332;946
410;P6210158.JPG;593;1046
411;P6210160.JPG;276;876
412;P6210160.JPG;361;929
413;P6210160.JPG;484;935
414;P6210160.JPG;535;1047
415;P6210160.JPG;551;959
416;P6210160.JPG;570;823
417;P6210160.JPG;516;837
418;P6210160.JPG;373;816
419;P6210160.JPG;371;797
420;P6210160.JPG;665;907
421;P6210173.JPG;235;1019
422;P6210173.JPG;306;1063
423;P6210173.JPG;419;1068
424;P6210173.JPG;469;1158
425;P6210173.JPG;472;1082
426;P6210173.JPG;480;977
427;P6210173.JPG;442;991
428;P6210173.JPG;318;972
429;P6210173.JPG;311;954
430;P6210173.JPG;562;1036
431;P6210176.JPG;98;997
432;P6210176.JPG;206;1038
433;P6210176.JPG;335;1021
434;P6210176.JPG;401;1127
435;P6210176.JPG;403;1033
436;P6210176.JPG;397;889
437;P6210176.JPG;349;913
438;P6210176.JPG;200;916
439;P6210176.JPG;192;897
440;P6210176.JPG;501;957
441;P6210178.JPG;269;1053
442;P6210178.JPG;360;1077
443;P6210178.JPG;481;1054
444;P6210178.JPG;552;1145
445;P6210178.JPG;542;1053
446;P6210178.JPG;525;940
447;P6210178.JPG;483;961
448;P6210178.JPG;346;971
449;P6210178.JPG;335;959
450;P6210178.JPG;625;983
451;P6210181.JPG;450;882
452;P6210181.JPG;519;917
453;P6210181.JPG;625;921
454;P6210181.JPG;663;1012
455;P6210181.JPG;668;933
456;P6210181.JPG;669;833
457;P6210181.JPG;645;845
458;P6210181.JPG;527;831
459;P6210181.JPG;521;817
460;P6210181.JPG;741;885
461;P6210184.JPG;410;1039
462;P6210184.JPG;477;1064
463;P6210184.JPG;573;1067
464;P6210184.JPG;616;1145
465;P6210184.JPG;615;1078
466;P6210184.JPG;620;999
467;P6210184.JPG;584;1000
468;P6210184.JPG;479;991
469;P6210184.JPG;471;976
470;P6210184.JPG;691;1043
471;P6210190.JPG;355;916
472;P6210190.JPG;434;960
473;P6210190.JPG;541;970
474;P6210190.JPG;582;1067
475;P6210190.JPG;583;983
476;P6210190.JPG;594;885
477;P6210190.JPG;554;888
478;P6210190.JPG;438;869
479;P6210190.JPG;430;853
480;P6210190.JPG;670;943
481;P6210192.JPG;340;825
482;P6210192.JPG;400;853
483;P6210192.JPG;504;855
484;P6210192.JPG;541;943
485;P6210192.JPG;543;867
486;P6210192.JPG;549;783
487;P6210192.JPG;515;790
488;P6210192.JPG;412;773
489;P6210192.JPG;409;766
490;P6210192.JPG;616;830
491;P6210196.JPG;412;960
492;P6210196.JPG;493;1000
493;P6210196.JPG;612;1008
494;P6210196.JPG;648;1100
495;P6210196.JPG;662;1021
496;P6210196.JPG;678;919
497;P6210196.JPG;630;918
498;P6210196.JPG;505;908
499;P6210196.JPG;500;893
500;P6210196.JPG;757;984
501;P6210199.JPG;292;948
502;P6210199.JPG;369;986
503;P6210199.JPG;484;990
504;P6210199.JPG;532;1095
505;P6210199.JPG;536;1008
506;P6210199.JPG;546;897
507;P6210199.JPG;504;907
508;P6210199.JPG;380;890
509;P6210199.JPG;372;872
510;P6210199.JPG;633;962
511;P6210202.JPG;166;994
512;P6210202.JPG;263;1022
513;P6210202.JPG;386;1016
514;P6210202.JPG;445;1110
515;P6210202.JPG;448;1018
516;P6210202.JPG;453;886
517;P6210202.JPG;404;904
518;P6210202.JPG;248;914
519;P6210202.JPG;236;896
520;P6210202.JPG;556;956
521;P6210205.JPG;420;957
522;P6210205.JPG;502;979
523;P6210205.JPG;611;974
524;P6210205.JPG;663;1057
525;P6210205.JPG;662;973
526;P6210205.JPG;664;867
527;P6210205.JPG;620;883
528;P6210205.JPG;494;888
529;P6210205.JPG;486;877
530;P6210205.JPG;751;922
531;P6210208.JPG;294;891
532;P6210208.JPG;361;938
533;P6210208.JPG;470;952
534;P6210208.JPG;510;1044
535;P6210208.JPG;520;971
536;P6210208.JPG;538;860
537;P6210208.JPG;494;873
538;P6210208.JPG;375;846
539;P6210208.JPG;374;829
540;P6210208.JPG;622;931
541;P6210210.JPG;544;747
542;P6210210.JPG;609;771
543;P6210210.JPG;706;773
544;P6210210.JPG;747;853
545;P6210210.JPG;749;774
546;P6210210.JPG;753;696
547;P6210210.JPG;722;700
548;P6210210.JPG;612;696
549;P6210210.JPG;604;686
550;P6210210.JPG;822;739
551;P6210214.JPG;319;931
552;P6210214.JPG;397;965
553;P6210214.JPG;508;967
554;P6210214.JPG;556;1056
555;P6210214.JPG;563;971
556;P6210214.JPG;559;859
557;P6210214.JPG;519;877
558;P6210214.JPG;397;867
559;P6210214.JPG;389;851
560;P6210214.JPG;663;911
561;P6210217.JPG;541;805
562;P6210217.JPG;596;832
563;P6210217.JPG;700;840
564;P6210217.JPG;736;918
565;P6210217.JPG;739;844
566;P6210217.JPG;746;771
567;P6210217.JPG;711;773
568;P6210217.JPG;608;759
569;P6210217.JPG;602;748
570;P6210217.JPG;816;815
571;P6210219.JPG;457;955
572;P6210219.JPG;524;1000
573;P6210219.JPG;642;1012
574;P6210219.JPG;681;1099
575;P6210219.JPG;697;1024
576;P6210219.JPG;713;920
577;P6210219.JPG;667;927
578;P6210219.JPG;537;903
579;P6210219.JPG;531;884
580;P6210219.JPG;792;986
581;P6210223.JPG;467;951
582;P6210223.JPG;542;967
583;P6210223.JPG;652;953
584;P6210223.JPG;715;1049
585;P6210223.JPG;701;959
586;P6210223.JPG;696;861
587;P6210223.JPG;652;875
588;P6210223.JPG;532;884
589;P6210223.JPG;525;873
590;P6210223.JPG;778;905
591;P6210225.JPG;602;838
592;P6210225.JPG;682;885
593;P6210225.JPG;810;892
594;P6210225.JPG;850;997
595;P6210225.JPG;860;908
596;P6210225.JPG;874;794
597;P6210225.JPG;833;803
598;P6210225.JPG;696;782
599;P6210225.JPG;690;765
600;P6210225.JPG;962;864
601;P6210229.JPG;531;812
602;P6210229.JPG;594;834
603;P6210229.JPG;693;834
604;P6210229.JPG;731;923
605;P6210229.JPG;731;838
606;P6210229.JPG;743;762
607;P6210229.JPG;711;765
608;P6210229.JPG;597;761
609;P6210229.JPG;593;748
610;P6210229.JPG;805;810
611;P6210232.JPG;382;1026
612;P6210232.JPG;439;1043
613;P6210232.JPG;530;1039
614;P6210232.JPG;571;1113
615;P6210232.JPG;571;1044
616;P6210232.JPG;573;967
617;P6210232.JPG;540;974
618;P6210232.JPG;439;971
619;P6210232.JPG;435;962
620;P6210232.JPG;644;1007
621;P6210237.JPG;292;763
622;P6210237.JPG;364;799
623;P6210237.JPG;476;812
624;P6210237.JPG;506;916
625;P6210237.JPG;516;832
626;P6210237.JPG;530;730
627;P6210237.JPG;492;738
628;P6210237.JPG;375;708
629;P6210237.JPG;369;694
630;P6210237.JPG;602;791
631;P6210242.JPG;266;921
632;P6210242.JPG;341;956
633;P6210242.JPG;451;967
634;P6210242.JPG;489;1061
635;P6210242.JPG;500;979
636;P6210242.JPG;514;869
637;P6210242.JPG;476;877
638;P6210242.JPG;347;861
639;P6210242.JPG;340;847
640;P6210242.JPG;595;936
641;P6210245.JPG;297;1094
642;P6210245.JPG;367;1133
643;P6210245.JPG;475;1145
644;P6210245.JPG;513;1242
645;P6210245.JPG;521;1160
646;P6210245.JPG;536;1056
647;P6210245.JPG;495;1063
648;P6210245.JPG;383;1046
649;P6210245.JPG;378;1030
650;P6210245.JPG;614;1120
651;P6210248.JPG;530;904
652;P6210248.JPG;603;925
653;P6210248.JPG;706;919
654;P6210248.JPG;757;1009
655;P6210248.JPG;753;927
656;P6210248.JPG;743;832
657;P6210248.JPG;707;846
658;P6210248.JPG;601;843
659;P6210248.JPG;593;829
660;P6210248.JPG;837;870
661;P6210252.JPG;362;793
662;P6210252.JPG;436;837
663;P6210252.JPG;548;860
664;P6210252.JPG;576;965
665;P6210252.JPG;597;883
666;P6210252.JPG;614;769
667;P6210252.JPG;577;774
668;P6210252.JPG;458;748
669;P6210252.JPG;456;731
670;P6210252.JPG;691;839
671;P6210257.JPG;250;960
672;P6210257.JPG;343;991
673;P6210257.JPG;466;983
674;P6210257.JPG;520;1081
675;P6210257.JPG;528;991
676;P6210257.JPG;535;875
677;P6210257.JPG;484;885
678;P6210257.JPG;345;886
679;P6210257.JPG;340;872
680;P6210257.JPG;625;939
681;P6210261.JPG;360;950
682;P6210261.JPG;427;987
683;P6210261.JPG;531;1002
684;P6210261.JPG;573;1069
685;P6210261.JPG;579;1016
686;P6210261.JPG;581;915
687;P6210261.JPG;550;930
688;P6210261.JPG;434;906
689;P6210261.JPG;426;884
690;P6210261.JPG;662;967
691;P6210264.JPG;259;936
692;P6210264.JPG;336;980
693;P6210264.JPG;451;994
694;P6210264.JPG;483;1109
695;P6210264.JPG;502;1013
696;P6210264.JPG;517;900
697;P6210264.JPG;483;907
698;P6210264.JPG;354;887
699;P6210264.JPG;349;870
700;P6210264.JPG;604;969
701;P6210272.JPG;399;1076
702;P6210272.JPG;474;1127
703;P6210272.JPG;587;1142
704;P6210272.JPG;625;1239
705;P6210272.JPG;640;1151
706;P6210272.JPG;641;1040
707;P6210272.JPG;604;1047
708;P6210272.JPG;490;1021
709;P6210272.JPG;483;1001
710;P6210272.JPG;731;1097
711;P6210275.JPG;403;964
712;P6210275.JPG;481;999
713;P6210275.JPG;586;1004
714;P6210275.JPG;630;1087
715;P6210275.JPG;637;1012
716;P6210275.JPG;644;909
717;P6210275.JPG;602;920
718;P6210275.JPG;481;911
719;P6210275.JPG;473;890
720;P6210275.JPG;726;965
721;P6210277.JPG;333;924
722;P6210277.JPG;405;956
723;P6210277.JPG;517;960
724;P6210277.JPG;563;1047
725;P6210277.JPG;567;975
726;P6210277.JPG;569;869
727;P6210277.JPG;535;881
728;P6210277.JPG;409;867
729;P6210277.JPG;401;853
730;P6210277.JPG;651;924
731;P6210283.JPG;608;949
732;P6210283.JPG;670;980
733;P6210283.JPG;778;981
734;P6210283.JPG;818;1071
735;P6210283.JPG;821;989
736;P6210283.JPG;827;900
737;P6210283.JPG;790;907
738;P6210283.JPG;678;902
739;P6210283.JPG;671;888
740;P6210283.JPG;904;950
741;P6210293.JPG;211;862
742;P6210293.JPG;284;908
743;P6210293.JPG;383;921
744;P6210293.JPG;424;1002
745;P6210293.JPG;430;944
746;P6210293.JPG;453;844
747;P6210293.JPG;408;848
748;P6210293.JPG;292;820
749;P6210293.JPG;287;795
750;P6210293.JPG;536;916
751;P6210295.JPG;473;759
752;P6210295.JPG;549;812
753;P6210295.JPG;666;832
754;P6210295.JPG;703;914
755;P6210295.JPG;718;852
756;P6210295.JPG;735;739
757;P6210295.JPG;697;749
758;P6210295.JPG;566;716
759;P6210295.JPG;563;692
760;P6210295.JPG;811;809
761;P6210298.JPG;377;803
762;P6210298.JPG;449;840
763;P6210298.JPG;569;851
764;P6210298.JPG;611;960
765;P6210298.JPG;624;869
766;P6210298.JPG;635;758
767;P6210298.JPG;594;764
768;P6210298.JPG;459;750
769;P6210298.JPG;455;733
770;P6210298.JPG;720;823
771;P6210302.JPG;378;929
772;P6210302.JPG;460;988
773;P6210302.JPG;577;1012
774;P6210302.JPG;616;1120
775;P6210302.JPG;630;1032
776;P6210302.JPG;657;921
777;P6210302.JPG;605;917
778;P6210302.JPG;481;888
779;P6210302.JPG;481;870
780;P6210302.JPG;729;998
781;P6210305.JPG;503;1006
782;P6210305.JPG;572;1033
783;P6210305.JPG;677;1035
784;P6210305.JPG;713;1124
785;P6210305.JPG;720;1043
786;P6210305.JPG;728;952
787;P6210305.JPG;690;957
788;P6210305.JPG;573;952
789;P6210305.JPG;565;938
790;P6210305.JPG;804;1004
791;P6210308.JPG;321;973
792;P6210308.JPG;390;1015
793;P6210308.JPG;507;1020
794;P6210308.JPG;550;1114
795;P6210308.JPG;552;1041
796;P6210308.JPG;576;924
797;P6210308.JPG;528;929
798;P6210308.JPG;398;914
799;P6210308.JPG;394;896
800;P6210308.JPG;674;1006
801;P6210313.JPG;306;1037
802;P6210313.JPG;370;1068
803;P6210313.JPG;471;1068
804;P6210313.JPG;505;1162
805;P6210313.JPG;513;1086
806;P6210313.JPG;515;988
807;P6210313.JPG;484;996
808;P6210313.JPG;378;987
809;P6210313.JPG;372;975
810;P6210313.JPG;593;1040
811;P6210316.JPG;340;858
812;P6210316.JPG;400;889
813;P6210316.JPG;504;894
814;P6210316.JPG;537;999
815;P6210316.JPG;548;918
816;P6210316.JPG;568;823
817;P6210316.JPG;522;825
818;P6210316.JPG;412;806
819;P6210316.JPG;409;797
820;P6210316.JPG;641;889
821;P6210320.JPG;379;916
822;P6210320.JPG;443;925
823;P6210320.JPG;543;912
824;P6210320.JPG;595;992
825;P6210320.JPG;587;911
826;P6210320.JPG;577;831
827;P6210320.JPG;544;843
828;P6210320.JPG;435;853
829;P6210320.JPG;424;843
830;P6210320.JPG;651;863
831;P6210322.JPG;450;944
832;P6210322.JPG;515;969
833;P6210322.JPG;630;968
834;P6210322.JPG;680;1055
835;P6210322.JPG;680;973
836;P6210322.JPG;680;875
837;P6210322.JPG;635;885
838;P6210322.JPG;522;886
839;P6210322.JPG;515;873
840;P6210322.JPG;761;925
841;P6210324.JPG;214;999
842;P6210324.JPG;309;1033
843;P6210324.JPG;421;1040
844;P6210324.JPG;472;1137
845;P6210324.JPG;480;1042
846;P6210324.JPG;489;930
847;P6210324.JPG;440;943
848;P6210324.JPG;305;933
849;P6210324.JPG;295;915
850;P6210324.JPG;571;993
851;P6210326.JPG;445;907
852;P6210326.JPG;509;930
853;P6210326.JPG;614;933
854;P6210326.JPG;660;1019
855;P6210326.JPG;657;939
856;P6210326.JPG;660;850
857;P6210326.JPG;622;857
858;P6210326.JPG;512;853
859;P6210326.JPG;508;844
860;P6210326.JPG;728;897
861;P6210333.JPG;384;856
862;P6210333.JPG;441;879
863;P6210333.JPG;536;881
864;P6210333.JPG;582;955
865;P6210333.JPG;576;879
866;P6210333.JPG;574;805
867;P6210333.JPG;541;812
868;P6210333.JPG;442;807
869;P6210333.JPG;439;795
870;P6210333.JPG;644;842
871;P6210335.JPG;277;949
872;P6210335.JPG;365;990
873;P6210335.JPG;475;990
874;P6210335.JPG;532;1086
875;P6210335.JPG;535;997
876;P6210335.JPG;545;894
877;P6210335.JPG;502;902
878;P6210335.JPG;369;891
879;P6210335.JPG;361;870
880;P6210335.JPG;624;954
881;P6210351.JPG;268;875
882;P6210351.JPG;345;913
883;P6210351.JPG;447;922
884;P6210351.JPG;493;1014
885;P6210351.JPG;502;937
886;P6210351.JPG;511;835
887;P6210351.JPG;463;840
888;P6210351.JPG;352;824
889;P6210351.JPG;348;805
890;P6210351.JPG;593;893
891;P6210358.JPG;240;985
892;P6210358.JPG;323;1027
893;P6210358.JPG;451;1025
894;P6210358.JPG;505;1128
895;P6210358.JPG;512;1037
896;P6210358.JPG;523;904
897;P6210358.JPG;473;920
898;P6210358.JPG;330;914
899;P6210358.JPG;323;896
900;P6210358.JPG;632;981
901;P6210360.JPG;284;999
902;P6210360.JPG;368;1053
903;P6210360.JPG;477;1057
904;P6210360.JPG;525;1153
905;P6210360.JPG;538;1077
906;P6210360.JPG;548;959
907;P6210360.JPG;496;969
908;P6210360.JPG;378;950
909;P6210360.JPG;369;929
910;P6210360.JPG;628;1026
911;P6210363.JPG;259;925
912;P6210363.JPG;334;968
913;P6210363.JPG;450;976
914;P6210363.JPG;505;1054
915;P6210363.JPG;509;982
916;P6210363.JPG;516;867
917;P6210363.JPG;469;886
918;P6210363.JPG;347;866
919;P6210363.JPG;341;844
920;P6210363.JPG;599;929
921;P6210370.JPG;411;864
922;P6210370.JPG;484;895
923;P6210370.JPG;592;894
924;P6210370.JPG;647;988
925;P6210370.JPG;645;907
926;P6210370.JPG;654;815
927;P6210370.JPG;607;821
928;P6210370.JPG;486;809
929;P6210370.JPG;477;792
930;P6210370.JPG;739;870
931;P6210372.JPG;228;836
932;P6210372.JPG;319;879
933;P6210372.JPG;442;885
934;P6210372.JPG;492;985
935;P6210372.JPG;500;896
936;P6210372.JPG;510;768
937;P6210372.JPG;466;783
938;P6210372.JPG;326;771
939;P6210372.JPG;319;751
940;P6210372.JPG;603;841
941;P6210376.JPG;300;1056
942;P6210376.JPG;374;1094
943;P6210376.JPG;479;1096
944;P6210376.JPG;523;1184
945;P6210376.JPG;527;1108
946;P6210376.JPG;535;1006
947;P6210376.JPG;494;1016
948;P6210376.JPG;379;1003
949;P6210376.JPG;374;983
950;P6210376.JPG;618;1065
951;P6210385.JPG;422;804
952;P6210385.JPG;481;843
953;P6210385.JPG;583;859
954;P6210385.JPG;614;950
955;P6210385.JPG;624;882
956;P6210385.JPG;639;794
957;P6210385.JPG;598;798
958;P6210385.JPG;502;770
959;P6210385.JPG;498;755
960;P6210385.JPG;711;852
961;P6210388.JPG;340;1057
962;P6210388.JPG;407;1082
963;P6210388.JPG;520;1084
964;P6210388.JPG;568;1163
965;P6210388.JPG;567;1089
966;P6210388.JPG;568;997
967;P6210388.JPG;526;1007
968;P6210388.JPG;413;997
969;P6210388.JPG;401;981
970;P6210388.JPG;645;1045
971;P6210391.JPG;257;816
972;P6210391.JPG;316;840
973;P6210391.JPG;418;841
974;P6210391.JPG;459;927
975;P6210391.JPG;459;846
976;P6210391.JPG;460;769
977;P6210391.JPG;428;774
978;P6210391.JPG;323;768
979;P6210391.JPG;316;756
980;P6210391.JPG;527;809
981;P6210394.JPG;273;877
982;P6210394.JPG;369;918
983;P6210394.JPG;500;919
984;P6210394.JPG;558;1028
985;P6210394.JPG;560;926
986;P6210394.JPG;566;804
987;P6210394.JPG;518;815
988;P6210394.JPG;369;806
989;P6210394.JPG;362;789
990;P6210394.JPG;666;870
991;P6210397.JPG;384;825
992;P6210397.JPG;470;862
993;P6210397.JPG;596;860
994;P6210397.JPG;645;972
995;P6210397.JPG;654;875
996;P6210397.JPG;672;749
997;P6210397.JPG;624;770
998;P6210397.JPG;482;757
999;P6210397.JPG;474;740
1000;P6210397.JPG;768;826
1001;P6210400.JPG;333;870
1002;P6210400.JPG;440;922
1003;P6210400.JPG;566;929
1004;P6210400.JPG;620;1040
1005;P6210400.JPG;634;944
1006;P6210400.JPG;642;808
1007;P6210400.JPG;586;830
1008;P6210400.JPG;446;803
1009;P6210400.JPG;441;781
1010;P6210400.JPG;736;883
1011;P6210403.JPG;170;833
1012;P6210403.JPG;262;881
1013;P6210403.JPG;386;886
1014;P6210403.JPG;436;990
1015;P6210403.JPG;444;897
1016;P6210403.JPG;469;782
1017;P6210403.JPG;411;793
1018;P6210403.JPG;278;766
1019;P6210403.JPG;270;748
1020;P6210403.JPG;559;862
1021;P6210406.JPG;501;924
1022;P6210406.JPG;560;957
1023;P6210406.JPG;658;961
1024;P6210406.JPG;696;1041
1025;P6210406.JPG;701;969
1026;P6210406.JPG;712;885
1027;P6210406.JPG;676;890
1028;P6210406.JPG;570;878
1029;P6210406.JPG;566;863
1030;P6210406.JPG;784;939
1031;P6210409.JPG;242;843
1032;P6210409.JPG;305;889
1033;P6210409.JPG;420;909
1034;P6210409.JPG;456;987
1035;P6210409.JPG;468;924
1036;P6210409.JPG;491;823
1037;P6210409.JPG;438;835
1038;P6210409.JPG;328;800
1039;P6210409.JPG;322;777
1040;P6210409.JPG;568;894
1041;P6210411.JPG;355;845
1042;P6210411.JPG;433;877
1043;P6210411.JPG;553;878
1044;P6210411.JPG;604;967
1045;P6210411.JPG;607;889
1046;P6210411.JPG;618;771
1047;P6210411.JPG;567;782
1048;P6210411.JPG;442;774
1049;P6210411.JPG;437;759
1050;P6210411.JPG;705;839
1051;P6210415.JPG;398;825
1052;P6210415.JPG;474;856
1053;P6210415.JPG;588;858
1054;P6210415.JPG;633;954
1055;P6210415.JPG;636;871
1056;P6210415.JPG;648;770
1057;P6210415.JPG;607;774
1058;P6210415.JPG;476;762
1059;P6210415.JPG;469;750
1060;P6210415.JPG;728;832
1061;P6210424.JPG;249;843
1062;P6210424.JPG;323;890
1063;P6210424.JPG;437;903
1064;P6210424.JPG;469;1004
1065;P6210424.JPG;485;927
1066;P6210424.JPG;511;813
1067;P6210424.JPG;467;819
1068;P6210424.JPG;339;797
1069;P6210424.JPG;333;779
1070;P6210424.JPG;584;892
1071;P6210427.JPG;282;936
1072;P6210427.JPG;364;968
1073;P6210427.JPG;485;972
1074;P6210427.JPG;527;1079
1075;P6210427.JPG;533;983
1076;P6210427.JPG;549;872
1077;P6210427.JPG;508;881
1078;P6210427.JPG;372;869
1079;P6210427.JPG;367;855
1080;P6210427.JPG;625;942
1081;P6210429.JPG;271;891
1082;P6210429.JPG;353;922
1083;P6210429.JPG;480;915
1084;P6210429.JPG;534;1020
1085;P6210429.JPG;539;923
1086;P6210429.JPG;547;798
1087;P6210429.JPG;503;818
1088;P6210429.JPG;361;818
1089;P6210429.JPG;348;804
1090;P6210429.JPG;643;867
1091;P6210435.JPG;384;942
1092;P6210435.JPG;472;979
1093;P6210435.JPG;592;982
1094;P6210435.JPG;643;1081
1095;P6210435.JPG;648;987
1096;P6210435.JPG;656;877
1097;P6210435.JPG;614;890
1098;P6210435.JPG;479;881
1099;P6210435.JPG;466;862
1100;P6210435.JPG;746;939
1101;P6210439.JPG;297;952
1102;P6210439.JPG;379;990
1103;P6210439.JPG;497;994
1104;P6210439.JPG;547;1098
1105;P6210439.JPG;561;1007
1106;P6210439.JPG;574;890
1107;P6210439.JPG;521;898
1108;P6210439.JPG;386;888
1109;P6210439.JPG;376;866
1110;P6210439.JPG;658;961
1111;P6210441.JPG;506;865
1112;P6210441.JPG;568;889
1113;P6210441.JPG;674;891
1114;P6210441.JPG;710;985
1115;P6210441.JPG;716;905
1116;P6210441.JPG;724;817
1117;P6210441.JPG;694;825
1118;P6210441.JPG;582;812
1119;P6210441.JPG;572;800
1120;P6210441.JPG;802;870
1121;P6210444.JPG;329;776
1122;P6210444.JPG;390;806
1123;P6210444.JPG;492;811
1124;P6210444.JPG;530;893
1125;P6210444.JPG;540;820
1126;P6210444.JPG;538;721
1127;P6210444.JPG;516;732
1128;P6210444.JPG;402;724
1129;P6210444.JPG;394;709
1130;P6210444.JPG;623;769
1131;P6210447.JPG;394;818
1132;P6210447.JPG;466;831
1133;P6210447.JPG;578;813
1134;P6210447.JPG;631;910
1135;P6210447.JPG;627;822
1136;P6210447.JPG;622;722
1137;P6210447.JPG;584;734
1138;P6210447.JPG;462;746
1139;P6210447.JPG;452;734
1140;P6210447.JPG;711;768
1141;P6210450.JPG;199;1158
1142;P6210450.JPG;278;1190
1143;P6210450.JPG;393;1180
1144;P6210450.JPG;442;1274
1145;P6210450.JPG;449;1187
1146;P6210450.JPG;451;1071
1147;P6210450.JPG;407;1086
1148;P6210450.JPG;277;1087
1149;P6210450.JPG;269;1073
1150;P6210450.JPG;543;1131
1151;P6210456.JPG;305;705
1152;P6210456.JPG;393;741
1153;P6210456.JPG;516;737
1154;P6210456.JPG;565;840
1155;P6210456.JPG;569;757
1156;P6210456.JPG;576;633
1157;P6210456.JPG;535;648
1158;P6210456.JPG;397;644
1159;P6210456.JPG;388;623
1160;P6210456.JPG;663;701
1161;P6210460.JPG;564;705
1162;P6210460.JPG;617;728
1163;P6210460.JPG;703;736
1164;P6210460.JPG;733;817
1165;P6210460.JPG;744;743
1166;P6210460.JPG;753;670
1167;P6210460.JPG;723;676
1168;P6210460.JPG;622;660
1169;P6210460.JPG;618;650
1170;P6210460.JPG;813;714
1171;P6210463.JPG;428;826
1172;P6210463.JPG;509;861
1173;P6210463.JPG;625;861
1174;P6210463.JPG;675;945
1175;P6210463.JPG;681;871
1176;P6210463.JPG;673;753
1177;P6210463.JPG;635;769
1178;P6210463.JPG;509;765
1179;P6210463.JPG;506;749
1180;P6210463.JPG;769;807
1181;P6210470.JPG;301;710
1182;P6210470.JPG;397;760
1183;P6210470.JPG;521;764
1184;P6210470.JPG;573;873
1185;P6210470.JPG;575;781
1186;P6210470.JPG;583;652
1187;P6210470.JPG;533;670
1188;P6210470.JPG;401;650
1189;P6210470.JPG;395;633
1190;P6210470.JPG;694;724
1191;P6210476.JPG;303;785
1192;P6210476.JPG;371;814
1193;P6210476.JPG;485;821
1194;P6210476.JPG;527;912
1195;P6210476.JPG;535;831
1196;P6210476.JPG;548;717
1197;P6210476.JPG;506;730
1198;P6210476.JPG;381;720
1199;P6210476.JPG;375;704
1200;P6210476.JPG;632;784
1201;P6210487.JPG;444;840
1202;P6210487.JPG;519;862
1203;P6210487.JPG;634;862
1204;P6210487.JPG;682;951
1205;P6210487.JPG;686;865
1206;P6210487.JPG;687;764
1207;P6210487.JPG;647;773
1208;P6210487.JPG;520;773
1209;P6210487.JPG;512;758
1210;P6210487.JPG;776;815
1211;P6210490.JPG;154;788
1212;P6210490.JPG;231;813
1213;P6210490.JPG;346;809
1214;P6210490.JPG;390;912
1215;P6210490.JPG;400;816
1216;P6210490.JPG;414;702
1217;P6210490.JPG;362;710
1218;P6210490.JPG;234;715
1219;P6210490.JPG;228;701
1220;P6210490.JPG;507;771
1221;P6210493.JPG;297;857
1222;P6210493.JPG;375;888
1223;P6210493.JPG;494;888
1224;P6210493.JPG;547;988
1225;P6210493.JPG;545;894
1226;P6210493.JPG;562;776
1227;P6210493.JPG;519;793
1228;P6210493.JPG;382;794
1229;P6210493.JPG;376;780
1230;P6210493.JPG;657;850
1231;P6210496.JPG;257;812
1232;P6210496.JPG;336;846
1233;P6210496.JPG;449;848
1234;P6210496.JPG;501;937
1235;P6210496.JPG;509;859
1236;P6210496.JPG;520;741
1237;P6210496.JPG;466;755
1238;P6210496.JPG;333;751
1239;P6210496.JPG;325;735
1240;P6210496.JPG;607;810
1241;P6210504.JPG;405;801
1242;P6210504.JPG;480;848
1243;P6210504.JPG;592;860
1244;P6210504.JPG;632;964
1245;P6210504.JPG;650;885
1246;P6210504.JPG;669;774
1247;P6210504.JPG;627;775
1248;P6210504.JPG;498;748
1249;P6210504.JPG;491;726
1250;P6210504.JPG;747;844
1251;P6210508.JPG;404;728
1252;P6210508.JPG;477;759
1253;P6210508.JPG;589;762
1254;P6210508.JPG;624;858
1255;P6210508.JPG;639;777
1256;P6210508.JPG;655;665
1257;P6210508.JPG;615;681
1258;P6210508.JPG;481;669
1259;P6210508.JPG;475;653
1260;P6210508.JPG;737;734
1261;P6210514.JPG;366;861
1262;P6210514.JPG;442;902
1263;P6210514.JPG;552;904
1264;P6210514.JPG;607;1000
1265;P6210514.JPG;613;909
1266;P6210514.JPG;618;790
1267;P6210514.JPG;572;808
1268;P6210514.JPG;449;796
1269;P6210514.JPG;443;778
1270;P6210514.JPG;708;854
1271;P6210517.JPG;344;696
1272;P6210517.JPG;425;728
1273;P6210517.JPG;545;723
1274;P6210517.JPG;604;833
1275;P6210517.JPG;611;740
1276;P6210517.JPG;617;627
1277;P6210517.JPG;561;637
1278;P6210517.JPG;443;631
1279;P6210517.JPG;435;614
1280;P6210517.JPG;725;690
1281;P6210520.JPG;487;752
1282;P6210520.JPG;555;775
1283;P6210520.JPG;660;771
1284;P6210520.JPG;703;853
1285;P6210520.JPG;705;778
1286;P6210520.JPG;705;687
1287;P6210520.JPG;674;702
1288;P6210520.JPG;558;694
1289;P6210520.JPG;551;679
1290;P6210520.JPG;786;734
1291;P6210522.JPG;239;705
1292;P6210522.JPG;326;738
1293;P6210522.JPG;442;738
1294;P6210522.JPG;500;846
1295;P6210522.JPG;503;750
1296;P6210522.JPG;521;628
1297;P6210522.JPG;468;640
1298;P6210522.JPG;324;638
1299;P6210522.JPG;317;622
1300;P6210522.JPG;612;704
1301;P6210525.JPG;369;772
1302;P6210525.JPG;455;813
1303;P6210525.JPG;564;820
1304;P6210525.JPG;607;924
1305;P6210525.JPG;619;834
1306;P6210525.JPG;638;732
1307;P6210525.JPG;591;740
1308;P6210525.JPG;466;716
1309;P6210525.JPG;463;701
1310;P6210525.JPG;719;801
1311;P6210532.JPG;207;827
1312;P6210532.JPG;284;859
1313;P6210532.JPG;397;855
1314;P6210532.JPG;439;954
1315;P6210532.JPG;451;874
1316;P6210532.JPG;467;755
1317;P6210532.JPG;423;770
1318;P6210532.JPG;293;757
1319;P6210532.JPG;289;744
1320;P6210532.JPG;559;827
1321;P6210569.JPG;586;993
1322;P6210569.JPG;656;1023
1323;P6210569.JPG;766;1027
1324;P6210569.JPG;813;1108
1325;P6210569.JPG;818;1028
1326;P6210569.JPG;824;933
1327;P6210569.JPG;779;941
1328;P6210569.JPG;663;936
1329;P6210569.JPG;656;922
1330;P6210569.JPG;903;987
1331;P6210572.JPG;347;889
1332;P6210572.JPG;419;924
1333;P6210572.JPG;536;925
1334;P6210572.JPG;581;1024
1335;P6210572.JPG;592;948
1336;P6210572.JPG;612;826
1337;P6210572.JPG;563;838
1338;P6210572.JPG;428;826
1339;P6210572.JPG;422;812
1340;P6210572.JPG;700;902
1341;P6210576.JPG;321;809
1342;P6210576.JPG;405;842
1343;P6210576.JPG;517;844
1344;P6210576.JPG;562;944
1345;P6210576.JPG;567;871
1346;P6210576.JPG;587;743
1347;P6210576.JPG;545;753
1348;P6210576.JPG;414;740
1349;P6210576.JPG;408;724
1350;P6210576.JPG;693;825
1351;P6210580.JPG;368;875
1352;P6210580.JPG;468;910
1353;P6210580.JPG;590;914
1354;P6210580.JPG;632;1018
1355;P6210580.JPG;648;930
1356;P6210580.JPG;656;805
1357;P6210580.JPG;614;816
1358;P6210580.JPG;470;806
1359;P6210580.JPG;466;792
1360;P6210580.JPG;746;873
1361;P6210582.JPG;557;926
1362;P6210582.JPG;634;954
1363;P6210582.JPG;749;942
1364;P6210582.JPG;803;1039
1365;P6210582.JPG;805;953
1366;P6210582.JPG;803;843
1367;P6210582.JPG;764;855
1368;P6210582.JPG;633;863
1369;P6210582.JPG;623;849
1370;P6210582.JPG;889;898
1371;P6210589.JPG;416;916
1372;P6210589.JPG;502;949
1373;P6210589.JPG;623;945
1374;P6210589.JPG;688;1048
1375;P6210589.JPG;688;959
1376;P6210589.JPG;690;820
1377;P6210589.JPG;642;840
1378;P6210589.JPG;500;839
1379;P6210589.JPG;495;825
1380;P6210589.JPG;790;891
1381;P6210601.JPG;251;815
1382;P6210601.JPG;323;843
1383;P6210601.JPG;436;836
1384;P6210601.JPG;485;927
1385;P6210601.JPG;484;848
1386;P6210601.JPG;484;735
1387;P6210601.JPG;445;755
1388;P6210601.JPG;327;749
1389;P6210601.JPG;320;736
1390;P6210601.JPG;571;793
1391;P6210604.JPG;261;858
1392;P6210604.JPG;362;887
1393;P6210604.JPG;479;883
1394;P6210604.JPG;536;978
1395;P6210604.JPG;538;888
1396;P6210604.JPG;541;775
1397;P6210604.JPG;488;787
1398;P6210604.JPG;355;774
1399;P6210604.JPG;349;757
1400;P6210604.JPG;636;834
1401;P6210611.JPG;394;850
1402;P6210611.JPG;480;869
1403;P6210611.JPG;592;862
1404;P6210611.JPG;646;968
1405;P6210611.JPG;646;867
1406;P6210611.JPG;653;749
1407;P6210611.JPG;608;771
1408;P6210611.JPG;473;775
1409;P6210611.JPG;466;762
1410;P6210611.JPG;744;813
1411;P6210616.JPG;270;985
1412;P6210616.JPG;344;1009
1413;P6210616.JPG;451;1000
1414;P6210616.JPG;502;1083
1415;P6210616.JPG;500;1002
1416;P6210616.JPG;496;902
1417;P6210616.JPG;459;916
1418;P6210616.JPG;342;920
1419;P6210616.JPG;334;908
1420;P6210616.JPG;589;948
1421;P6210620.JPG;319;884
1422;P6210620.JPG;385;912
1423;P6210620.JPG;487;916
1424;P6210620.JPG;538;993
1425;P6210620.JPG;536;918
1426;P6210620.JPG;540;822
1427;P6210620.JPG;503;838
1428;P6210620.JPG;385;829
1429;P6210620.JPG;379;812
1430;P6210620.JPG;624;875
1431;P6210623.JPG;560;876
1432;P6210623.JPG;622;893
1433;P6210623.JPG;733;887
1434;P6210623.JPG;790;977
1435;P6210623.JPG;783;896
1436;P6210623.JPG;787;792
1437;P6210623.JPG;745;804
1438;P6210623.JPG;621;806
1439;P6210623.JPG;615;795
1440;P6210623.JPG;872;847
1441;P6210634.JPG;576;920
1442;P6210634.JPG;650;950
1443;P6210634.JPG;762;954
1444;P6210634.JPG;810;1047
1445;P6210634.JPG;812;960
1446;P6210634.JPG;820;860
1447;P6210634.JPG;780;871
1448;P6210634.JPG;660;866
1449;P6210634.JPG;652;850
1450;P6210634.JPG;896;916
1451;P6210640.JPG;598;987
1452;P6210640.JPG;693;1020
1453;P6210640.JPG;811;1020
1454;P6210640.JPG;868;1112
1455;P6210640.JPG;871;1034
1456;P6210640.JPG;867;906
1457;P6210640.JPG;825;920
1458;P6210640.JPG;683;917
1459;P6210640.JPG;677;900
1460;P6210640.JPG;961;967
1461;P6210646.JPG;484;855
1462;P6210646.JPG;574;892
1463;P6210646.JPG;698;893
1464;P6210646.JPG;742;999
1465;P6210646.JPG;753;912
1466;P6210646.JPG;761;783
1467;P6210646.JPG;723;798
1468;P6210646.JPG;581;787
1469;P6210646.JPG;573;770
1470;P6210646.JPG;854;854
1471;P6210653.JPG;521;696
1472;P6210653.JPG;595;720
1473;P6210653.JPG;705;723
1474;P6210653.JPG;747;825
1475;P6210653.JPG;757;734
1476;P6210653.JPG;767;623
1477;P6210653.JPG;725;636
1478;P6210653.JPG;598;630
1479;P6210653.JPG;594;620
1480;P6210653.JPG;853;687
1481;P6210687.JPG;302;798
1482;P6210687.JPG;375;816
1483;P6210687.JPG;489;814
1484;P6210687.JPG;530;918
1485;P6210687.JPG;537;828
1486;P6210687.JPG;545;713
1487;P6210687.JPG;511;727
1488;P6210687.JPG;386;724
1489;P6210687.JPG;379;712
1490;P6210687.JPG;628;778
1491;P6210692.JPG;409;880
1492;P6210692.JPG;497;909
1493;P6210692.JPG;607;909
1494;P6210692.JPG;651;1006
1495;P6210692.JPG;663;921
1496;P6210692.JPG;667;810
1497;P6210692.JPG;633;819
1498;P6210692.JPG;497;814
1499;P6210692.JPG;491;801
1500;P6210692.JPG;744;871
1501;P6210696.JPG;258;966
1502;P6210696.JPG;329;1011
1503;P6210696.JPG;441;1023
1504;P6210696.JPG;480;1123
1505;P6210696.JPG;495;1048
1506;P6210696.JPG;520;931
1507;P6210696.JPG;474;938
1508;P6210696.JPG;346;915
1509;P6210696.JPG;340;896
1510;P6210696.JPG;596;1010
1511;P6210711.JPG;331;800
1512;P6210711.JPG;433;827
1513;P6210711.JPG;561;824
1514;P6210711.JPG;616;929
1515;P6210711.JPG;630;832
1516;P6210711.JPG;631;703
1517;P6210711.JPG;584;720
1518;P6210711.JPG;432;719
1519;P6210711.JPG;423;703
1520;P6210711.JPG;723;767
1521;P6210714.JPG;189;850
1522;P6210714.JPG;282;897
1523;P6210714.JPG;400;905
1524;P6210714.JPG;442;1009
1525;P6210714.JPG;455;917
1526;P6210714.JPG;483;790
1527;P6210714.JPG;423;807
1528;P6210714.JPG;292;780
1529;P6210714.JPG;285;762
1530;P6210714.JPG;582;878
1531;P6210717.JPG;162;886
1532;P6210717.JPG;258;918
1533;P6210717.JPG;375;915
1534;P6210717.JPG;434;1013
1535;P6210717.JPG;436;921
1536;P6210717.JPG;430;806
1537;P6210717.JPG;384;822
1538;P6210717.JPG;252;812
1539;P6210717.JPG;247;798
1540;P6210717.JPG;528;858
1541;P6210720.JPG;214;761
1542;P6210720.JPG;296;792
1543;P6210720.JPG;414;791
1544;P6210720.JPG;458;893
1545;P6210720.JPG;472;803
1546;P6210720.JPG;488;687
1547;P6210720.JPG;445;705
1548;P6210720.JPG;308;697
1549;P6210720.JPG;305;681
1550;P6210720.JPG;576;759
1551;P6210726.JPG;360;812
1552;P6210726.JPG;441;833
1553;P6210726.JPG;559;833
1554;P6210726.JPG;600;920
1555;P6210726.JPG;612;839
1556;P6210726.JPG;620;724
1557;P6210726.JPG;579;740
1558;P6210726.JPG;444;743
1559;P6210726.JPG;436;729
1560;P6210726.JPG;700;787
1561;P6210729.JPG;363;832
1562;P6210729.JPG;451;868
1563;P6210729.JPG;577;870
1564;P6210729.JPG;629;975
1565;P6210729.JPG;637;886
1566;P6210729.JPG;647;756
1567;P6210729.JPG;600;765
1568;P6210729.JPG;461;762
1569;P6210729.JPG;455;747
1570;P6210729.JPG;739;830
1571;P6210732.JPG;262;900
1572;P6210732.JPG;354;932
1573;P6210732.JPG;474;929
1574;P6210732.JPG;528;1025
1575;P6210732.JPG;536;939
1576;P6210732.JPG;545;809
1577;P6210732.JPG;497;828
1578;P6210732.JPG;352;826
1579;P6210732.JPG;338;806
1580;P6210732.JPG;642;882
1581;P6210736.JPG;330;833
1582;P6210736.JPG;408;862
1583;P6210736.JPG;521;855
1584;P6210736.JPG;575;943
1585;P6210736.JPG;576;859
1586;P6210736.JPG;575;737
1587;P6210736.JPG;536;761
1588;P6210736.JPG;401;765
1589;P6210736.JPG;396;747
1590;P6210736.JPG;673;797
1591;P6210739.JPG;308;896
1592;P6210739.JPG;374;917
1593;P6210739.JPG;480;912
1594;P6210739.JPG;538;991
1595;P6210739.JPG;536;913
1596;P6210739.JPG;539;799
1597;P6210739.JPG;487;826
1598;P6210739.JPG;368;825
1599;P6210739.JPG;361;811
1600;P6210739.JPG;634;859
1601;P6210741.JPG;358;864
1602;P6210741.JPG;456;905
1603;P6210741.JPG;581;903
1604;P6210741.JPG;630;1008
1605;P6210741.JPG;638;911
1606;P6210741.JPG;644;805
1607;P6210741.JPG;595;813
1608;P6210741.JPG;462;800
1609;P6210741.JPG;452;781
1610;P6210741.JPG;727;862
1611;P6210744.JPG;293;912
1612;P6210744.JPG;379;936
1613;P6210744.JPG;491;929
1614;P6210744.JPG;543;1018
1615;P6210744.JPG;549;929
1616;P6210744.JPG;551;817
1617;P6210744.JPG;503;833
1618;P6210744.JPG;379;833
1619;P6210744.JPG;369;819
1620;P6210744.JPG;639;875
1621;P6210746.JPG;371;895
1622;P6210746.JPG;455;938
1623;P6210746.JPG;573;938
1624;P6210746.JPG;616;1044
1625;P6210746.JPG;625;960
1626;P6210746.JPG;637;840
1627;P6210746.JPG;601;852
1628;P6210746.JPG;460;831
1629;P6210746.JPG;458;812
1630;P6210746.JPG;724;911
1631;P6210749.JPG;199;731
1632;P6210749.JPG;288;782
1633;P6210749.JPG;408;800
1634;P6210749.JPG;445;908
1635;P6210749.JPG;468;818
1636;P6210749.JPG;495;685
1637;P6210749.JPG;443;692
1638;P6210749.JPG;309;669
1639;P6210749.JPG;304;651
1640;P6210749.JPG;583;774
1641;P6210756.JPG;405;844
1642;P6210756.JPG;497;885
1643;P6210756.JPG;613;893
1644;P6210756.JPG;655;989
1645;P6210756.JPG;669;905
1646;P6210756.JPG;680;785
1647;P6210756.JPG;643;798
1648;P6210756.JPG;505;784
1649;P6210756.JPG;499;767
1650;P6210756.JPG;760;853
1651;P6210758.JPG;415;885
1652;P6210758.JPG;484;904
1653;P6210758.JPG;585;901
1654;P6210758.JPG;629;984
1655;P6210758.JPG;633;908
1656;P6210758.JPG;635;810
1657;P6210758.JPG;596;820
1658;P6210758.JPG;480;817
1659;P6210758.JPG;471;804
1660;P6210758.JPG;711;862
1661;P6210761.JPG;250;882
1662;P6210761.JPG;334;906
1663;P6210761.JPG;454;899
1664;P6210761.JPG;517;991
1665;P6210761.JPG;505;897
1666;P6210761.JPG;508;789
1667;P6210761.JPG;468;799
1668;P6210761.JPG;336;807
1669;P6210761.JPG;327;791
1670;P6210761.JPG;604;846
1671;P6210767.JPG;424;864
1672;P6210767.JPG;507;889
1673;P6210767.JPG;624;883
1674;P6210767.JPG;673;986
1675;P6210767.JPG;686;891
1676;P6210767.JPG;691;786
1677;P6210767.JPG;646;801
1678;P6210767.JPG;519;796
1679;P6210767.JPG;515;783
1680;P6210767.JPG;777;843
1681;P6210770.JPG;406;895
1682;P6210770.JPG;477;929
1683;P6210770.JPG;580;937
1684;P6210770.JPG;619;1030
1685;P6210770.JPG;629;952
1686;P6210770.JPG;639;851
1687;P6210770.JPG;597;863
1688;P6210770.JPG;494;846
1689;P6210770.JPG;489;832
1690;P6210770.JPG;719;910
1691;P6210776.JPG;377;997
1692;P6210776.JPG;457;1034
1693;P6210776.JPG;567;1034
1694;P6210776.JPG;613;1146
1695;P6210776.JPG;621;1051
1696;P6210776.JPG;645;926
1697;P6210776.JPG;594;942
1698;P6210776.JPG;467;932
1699;P6210776.JPG;458;917
1700;P6210776.JPG;726;1007
1701;P6210780.JPG;372;904
1702;P6210780.JPG;448;939
1703;P6210780.JPG;562;946
1704;P6210780.JPG;599;1051
1705;P6210780.JPG;618;964
1706;P6210780.JPG;635;853
1707;P6210780.JPG;592;856
1708;P6210780.JPG;465;841
1709;P6210780.JPG;459;827
1710;P6210780.JPG;711;922
1711;P6210782.JPG;326;939
1712;P6210782.JPG;412;984
1713;P6210782.JPG;528;990
1714;P6210782.JPG;567;1094
1715;P6210782.JPG;584;1014
1716;P6210782.JPG;607;896
1717;P6210782.JPG;562;902
1718;P6210782.JPG;422;887
1719;P6210782.JPG;418;868
1720;P6210782.JPG;684;974
1721;P6210790.JPG;338;936
1722;P6210790.JPG;406;961
1723;P6210790.JPG;515;947
1724;P6210790.JPG;566;1027
1725;P6210790.JPG;566;958
1726;P6210790.JPG;560;851
1727;P6210790.JPG;520;865
1728;P6210790.JPG;409;868
1729;P6210790.JPG;400;850
1730;P6210790.JPG;654;901
1731;P6210792.JPG;326;1028
1732;P6210792.JPG;404;1067
1733;P6210792.JPG;524;1059
1734;P6210792.JPG;574;1150
1735;P6210792.JPG;576;1069
1736;P6210792.JPG;582;957
1737;P6210792.JPG;540;971
1738;P6210792.JPG;412;969
1739;P6210792.JPG;402;953
1740;P6210792.JPG;676;1018
1741;P6210802.JPG;305;888
1742;P6210802.JPG;384;921
1743;P6210802.JPG;493;918
1744;P6210802.JPG;552;1008
1745;P6210802.JPG;549;923
1746;P6210802.JPG;555;817
1747;P6210802.JPG;507;835
1748;P6210802.JPG;385;830
1749;P6210802.JPG;377;813
1750;P6210802.JPG;637;876
1751;P6210806.JPG;243;958
1752;P6210806.JPG;324;992
1753;P6210806.JPG;445;990
1754;P6210806.JPG;487;1113
1755;P6210806.JPG;499;1008
1756;P6210806.JPG;523;898
1757;P6210806.JPG;474;900
1758;P6210806.JPG;344;893
1759;P6210806.JPG;339;876
1760;P6210806.JPG;604;975
1761;P6210824.JPG;391;776
1762;P6210824.JPG;454;807
1763;P6210824.JPG;543;809
1764;P6210824.JPG;586;893
1765;P6210824.JPG;592;815
1766;P6210824.JPG;615;722
1767;P6210824.JPG;566;731
1768;P6210824.JPG;456;721
1769;P6210824.JPG;450;709
1770;P6210824.JPG;677;787
1771;P6210827.JPG;362;803
1772;P6210827.JPG;443;838
1773;P6210827.JPG;547;837
1774;P6210827.JPG;600;929
1775;P6210827.JPG;603;847
1776;P6210827.JPG;619;719
1777;P6210827.JPG;579;740
1778;P6210827.JPG;448;737
1779;P6210827.JPG;443;723
1780;P6210827.JPG;703;794
1781;P6210829.JPG;448;866
1782;P6210829.JPG;527;886
1783;P6210829.JPG;633;881
1784;P6210829.JPG;680;965
1785;P6210829.JPG;685;881
1786;P6210829.JPG;689;774
1787;P6210829.JPG;639;796
1788;P6210829.JPG;519;797
1789;P6210829.JPG;514;783
1790;P6210829.JPG;766;830
1791;P6210832.JPG;525;841
1792;P6210832.JPG;592;875
1793;P6210832.JPG;694;883
1794;P6210832.JPG;731;978
1795;P6210832.JPG;741;904
1796;P6210832.JPG;756;808
1797;P6210832.JPG;714;810
1798;P6210832.JPG;607;791
1799;P6210832.JPG;602;777
1800;P6210832.JPG;828;870
1801;P6210836.JPG;598;786
1802;P6210836.JPG;666;813
1803;P6210836.JPG;760;815
1804;P6210836.JPG;803;899
1805;P6210836.JPG;806;827
1806;P6210836.JPG;818;733
1807;P6210836.JPG;775;741
1808;P6210836.JPG;674;733
1809;P6210836.JPG;665;721
1810;P6210836.JPG;894;791
1811;P6210839.JPG;384;782
1812;P6210839.JPG;460;817
1813;P6210839.JPG;579;823
1814;P6210839.JPG;618;929
1815;P6210839.JPG;634;841
1816;P6210839.JPG;657;719
1817;P6210839.JPG;605;731
1818;P6210839.JPG;473;715
1819;P6210839.JPG;464;696
1820;P6210839.JPG;753;801
1821;P6210842.JPG;447;919
1822;P6210842.JPG;529;954
1823;P6210842.JPG;650;956
1824;P6210842.JPG;700;1052
1825;P6210842.JPG;707;968
1826;P6210842.JPG;713;856
1827;P6210842.JPG;664;870
1828;P6210842.JPG;537;853
1829;P6210842.JPG;531;836
1830;P6210842.JPG;795;917
1831;P6210845.JPG;229;816
1832;P6210845.JPG;320;853
1833;P6210845.JPG;451;856
1834;P6210845.JPG;504;947
1835;P6210845.JPG;513;860
1836;P6210845.JPG;518;725
1837;P6210845.JPG;472;741
1838;P6210845.JPG;321;741
1839;P6210845.JPG;312;719
1840;P6210845.JPG;622;798
1841;P6210858.JPG;454;889
1842;P6210858.JPG;534;930
1843;P6210858.JPG;656;939
1844;P6210858.JPG;694;1041
1845;P6210858.JPG;710;951
1846;P6210858.JPG;726;838
1847;P6210858.JPG;680;849
1848;P6210858.JPG;546;834
1849;P6210858.JPG;543;819
1850;P6210858.JPG;810;908
1851;P6210865.JPG;403;825
1852;P6210865.JPG;490;864
1853;P6210865.JPG;603;872
1854;P6210865.JPG;644;973
1855;P6210865.JPG;661;895
1856;P6210865.JPG;683;767
1857;P6210865.JPG;628;784
1858;P6210865.JPG;500;758
1859;P6210865.JPG;495;739
1860;P6210865.JPG;762;847
1861;P6210874.JPG;278;1074
1862;P6210874.JPG;356;1103
1863;P6210874.JPG;468;1101
1864;P6210874.JPG;531;1196
1865;P6210874.JPG;533;1107
1866;P6210874.JPG;548;979
1867;P6210874.JPG;494;996
1868;P6210874.JPG;357;993
1869;P6210874.JPG;347;976
1870;P6210874.JPG;651;1056
1871;P6210881.JPG;190;983
1872;P6210881.JPG;274;1023
1873;P6210881.JPG;399;1023
1874;P6210881.JPG;453;1124
1875;P6210881.JPG;462;1039
1876;P6210881.JPG;472;909
1877;P6210881.JPG;414;926
1878;P6210881.JPG;276;907
1879;P6210881.JPG;265;886
1880;P6210881.JPG;578;983
1881;P6210892.JPG;311;909
1882;P6210892.JPG;400;964
1883;P6210892.JPG;520;968
1884;P6210892.JPG;569;1071
1885;P6210892.JPG;585;991
1886;P6210892.JPG;604;856
1887;P6210892.JPG;547;869
1888;P6210892.JPG;417;852
1889;P6210892.JPG;408;828
1890;P6210892.JPG;695;938
1891;P6210899.JPG;327;903
1892;P6210899.JPG;419;938
1893;P6210899.JPG;541;935
1894;P6210899.JPG;590;1038
1895;P6210899.JPG;601;953
1896;P6210899.JPG;615;824
1897;P6210899.JPG;568;832
1898;P6210899.JPG;428;832
1899;P6210899.JPG;425;816
1900;P6210899.JPG;705;900
1901;P6210914.JPG;287;933
1902;P6210914.JPG;372;965
1903;P6210914.JPG;500;951
1904;P6210914.JPG;556;1055
1905;P6210914.JPG;559;972
1906;P6210914.JPG;565;840
1907;P6210914.JPG;515;859
1908;P6210914.JPG;374;859
1909;P6210914.JPG;364;836
1910;P6210914.JPG;662;911
1911;P6210916.JPG;184;972
1912;P6210916.JPG;264;1015
1913;P6210916.JPG;380;1025
1914;P6210916.JPG;427;1123
1915;P6210916.JPG;434;1038
1916;P6210916.JPG;457;930
1917;P6210916.JPG;406;933
1918;P6210916.JPG;276;911
1919;P6210916.JPG;270;891
1920;P6210916.JPG;557;1009
1921;P6210919.JPG;337;1069
1922;P6210919.JPG;416;1114
1923;P6210919.JPG;538;1114
1924;P6210919.JPG;594;1218
1925;P6210919.JPG;605;1135
1926;P6210919.JPG;614;1006
1927;P6210919.JPG;568;1018
1928;P6210919.JPG;425;1009
1929;P6210919.JPG;419;988
1930;P6210919.JPG;717;1078
1931;P6210925.JPG;300;1173
1932;P6210925.JPG;408;1213
1933;P6210925.JPG;540;1212
1934;P6210925.JPG;600;1325
1935;P6210925.JPG;610;1229
1936;P6210925.JPG;623;1083
1937;P6210925.JPG;562;1097
1938;P6210925.JPG;405;1088
1939;P6210925.JPG;400;1066
1940;P6210925.JPG;730;1167
1941;P6210935.JPG;356;1002
1942;P6210935.JPG;442;1040
1943;P6210935.JPG;572;1040
1944;P6210935.JPG;621;1140
1945;P6210935.JPG;633;1053
1946;P6210935.JPG;648;921
1947;P6210935.JPG;591;935
1948;P6210935.JPG;452;922
1949;P6210935.JPG;441;902
1950;P6210935.JPG;745;1001
1951;P6210938.JPG;352;1062
1952;P6210938.JPG;422;1105
1953;P6210938.JPG;539;1121
1954;P6210938.JPG;575;1234
1955;P6210938.JPG;594;1134
1956;P6210938.JPG;623;1024
1957;P6210938.JPG;569;1036
1958;P6210938.JPG;446;1002
1959;P6210938.JPG;443;990
1960;P6210938.JPG;695;1103
1961;P6210946.JPG;348;802
1962;P6210946.JPG;432;844
1963;P6210946.JPG;551;855
1964;P6210946.JPG;589;968
1965;P6210946.JPG;608;873
1966;P6210946.JPG;633;749
1967;P6210946.JPG;589;763
1968;P6210946.JPG;444;740
1969;P6210946.JPG;437;724
1970;P6210946.JPG;723;831
1971;P6210947.JPG;343;821
1972;P6210947.JPG;423;861
1973;P6210947.JPG;540;867
1974;P6210947.JPG;582;969
1975;P6210947.JPG;597;878
1976;P6210947.JPG;613;769
1977;P6210947.JPG;570;773
1978;P6210947.JPG;428;755
1979;P6210947.JPG;421;739
1980;P6210947.JPG;716;839
1981;P6210950.JPG;332;813
1982;P6210950.JPG;429;846
1983;P6210950.JPG;556;842
1984;P6210950.JPG;619;948
1985;P6210950.JPG;621;850
1986;P6210950.JPG;627;719
1987;P6210950.JPG;581;729
1988;P6210950.JPG;441;732
1989;P6210950.JPG;434;712
1990;P6210950.JPG;733;791
1991;P6210964.JPG;163;1016
1992;P6210964.JPG;255;1057
1993;P6210964.JPG;376;1058
1994;P6210964.JPG;428;1155
1995;P6210964.JPG;435;1068
1996;P6210964.JPG;449;933
1997;P6210964.JPG;402;949
1998;P6210964.JPG;258;941
1999;P6210964.JPG;250;924
2000;P6210964.JPG;539;1012
2001;P6210971.JPG;324;901
2002;P6210971.JPG;409;942
2003;P6210971.JPG;531;942
2004;P6210971.JPG;582;1046
2005;P6210971.JPG;590;960
2006;P6210971.JPG;604;829
2007;P6210971.JPG;556;844
2008;P6210971.JPG;419;832
2009;P6210971.JPG;412;814
2010;P6210971.JPG;712;907
2011;P6210974.JPG;393;870
2012;P6210974.JPG;473;916
2013;P6210974.JPG;590;926
2014;P6210974.JPG;624;1021
2015;P6210974.JPG;636;943
2016;P6210974.JPG;664;830
2017;P6210974.JPG;618;830
2018;P6210974.JPG;491;817
2019;P6210974.JPG;484;796
2020;P6210974.JPG;744;909
